email_lead,first_name_lead,last_name_lead,position_lead,company_lead,industry_lead,email_lead_edit,first_name_lead_edit,last_name_lead_edit,position_lead_edit,company_lead_edit,industry_lead_edit
ericqk12@erick.com,Ericqk31,Barboxsa31,Owner11,Ca44sa11,TcI1,ericqxk88@erick.com,Erickedita3do,Barbo2saeditado,Ownereditado,Tieditado
eric1k122@erick.com,Eriack42,Barbwosa42,Owner22,Caqs13a22,TqI222,erivqck812158@erick.com,Erick1e1dit13ado,Barbosa21editado,Owne1red2it1ado,Ti1e3d2itado
eri3ck123@erick.com,Ericdk43,Barebos4141a53,Own41er33,Cas1a33,TI33,erick82158@erick.com,Erick24edi54t134ado,Barbosaqa2editado,Own1e2r2ed4it5ado,Ti34editado
er2ic11k124@erick.com,Ericck54,Barboeqeqsa64,Own41e4r4,Ca1sa44,TI44,erick83158@erick.com,Erick31e12dit41ado,Barbosa34eqsditado,Owne334red1itado,Ti445e1ditado
eri1wqck125@erick.com,Erifck55,Barboqwqsa65,Owne411r55,Cas4a55,TI45,erick83458@erick.com,Erick4edis4tado,Barbosa4editx4ado,Ownea4red4itado,Ti2edi2tado
ericksasa126@erick.com,Ericazk36,Barbsasaosa66,Ow23ner56,Ca212sa16,TI56,erick8558@erick.com,Erick5edict1ado,Barbxosa5edit1ado,Owne5r4edit1ado,Ti5edi4tado



